Workbook

Sheet Лист1
A1: email_pattern | B1: subbrands
A2: starline | B2: starline
A3: iek | B3: iek
A4: Makita | B4: Makita
A5: ctr | B5: ctr

Sheet Лист2
A1: avtovaz | B1: =COUNTIF(Лист1!A:A,A1) -> 0
A2: pg_shave | B2: =COUNTIF(Лист1!A:A,A2) -> 0
A3: diusa | B3: =COUNTIF(Лист1!A:A,A3) -> 0
A4: thermagent | B4: =COUNTIF(Лист1!A:A,A4) -> 0
A5: lhkanker | B5: =COUNTIF(Лист1!A:A,A5) -> 0
A6: starline | B6: =COUNTIF(Лист1!A:A,A6) -> 1
A7: nickol | B7: =COUNTIF(Лист1!A:A,A7) -> 0
A8: enforcement@shevyrev.ru | B8: =COUNTIF(Лист1!A:A,A8) -> 0
A9: LNDistribution | B9: =COUNTIF(Лист1!A:A,A9) -> 0
A10: alpina | B10: =COUNTIF(Лист1!A:A,A10) -> 0
A11: panasonic | B11: =COUNTIF(Лист1!A:A,A11) -> 0
A12: LorealLDB | B12: =COUNTIF(Лист1!A:A,A12) -> 0
... A16: kf_pobeda | B16: =COUNTIF(Лист1!A:A,A16) -> 0
B17: =COUNTIF(Лист1!A:A,A17) -> 0
B18: =COUNTIF(Лист1!A:A,A18) -> 0
B19: =COUNTIF(Лист1!A:A,A19) -> 0
B20: =COUNTIF(Лист1!A:A,A20) -> 0
B21: =COUNTIF(Лист1!A:A,A21) -> 0
B22: =COUNTIF(Лист1!A:A,A22) -> 0
B23: =COUNTIF(Лист1!A:A,A23) -> 0
B24: =COUNTIF(Лист1!A:A,A24) -> 0
B25: =COUNTIF(Лист1!A:A,A25) -> 0
B26: =COUNTIF(Лист1!A:A,A26) -> 0
B27: =COUNTIF(Лист1!A:A,A27) -> 0
B28: =COUNTIF(Лист1!A:A,A28) -> 0
... B49: =COUNTIF(Лист1!A:A,A49) -> 0
